id;code_agence;denomination_agence;type_agence;telephone;numero_whatsapp;email;autre_contact;quartier;arrondissement;commune;province;region
1;Home synthesize;Chair encryption Jewelery;hacking;(164) 327-4414;quantify Developer Supervisor;Ernest.Hoppe@gmail.com;payment;Principal;hack invoice haptic;West Virginia extend;Global frame;Brunei Dollar Ergonomic Kids
2;New Hampshire;Enterprise-wide override Refined Wooden Towels;Auto Loan Account;594-338-6476;cutting-edge Coordinator;Eli56@gmail.com;Illinois Toys;Planner;Officer;Director navigate moratorium;Handmade Product payment;RSS ubiquitous TCP
3;Forward;next-generation;facilitate Soft Senior;624-291-4683;United Kingdom Fiji cross-media;Mafalda.Schoen@gmail.com;Intelligent Forward;Borders Tenge;hybrid silver Tasty Frozen Salad;Orchestrator Table;Computer Architect Center;Uganda Shilling
4;Practical Frozen Shoes;Quality-focused Human Consultant;compressing;(102) 662-9563 x4083;collaborative;Aiden28@yahoo.com;intermediate;indexing;Light;TCP;primary;International Handmade Accounts
5;Rustic;parse;Honduras Saint Kitts and Nevis Planner;903.152.0887 x12002;magenta impactful Savings Account;Waldo74@yahoo.com;withdrawal;Cambridgeshire TCP attitude-oriented;synthesizing 4th generation;Money Market Account Berkshire auxiliary;Intelligent Steel Chicken mesh;Strategist European Monetary Unit (E.M.U.-6)
6;navigating Designer;Groves;Georgia;703-893-1227;mindshare;Bianka.Cruickshank76@yahoo.com;bluetooth;quantifying Maine;Industrial Forward application;Optimization non-volatile;Sleek quantifying;implementation Credit Card Account SQL
7;IB;Operations;Rustic Rubber Keyboard Program SCSI;342.961.8888 x187;User-centric;Rowland_Towne77@hotmail.com;TCP virtual;Norwegian Krone;Forward Electronics;Functionality bluetooth model;brand Regional Incredible Concrete Mouse;Pennsylvania
8;Handmade;Mauritius Rupee Bahrain Intelligent;Fantastic Rubber Sausages Mauritius Denar;1-536-555-4174;Home Loan Account;Princess.Hilll79@hotmail.com;leverage Optimization;hard drive;real-time bifurcated;Clothing;Wisconsin Tasty schemas;Alabama compressing sensor
9;Granite Stravenue Bike;Kentucky Falkland Islands Pound;Games CSS Money Market Account;221.397.2300 x5943;SAS background Swedish Krona;Yolanda_Bode@hotmail.com;Refined Granite Pizza Sleek;attitude-oriented Awesome;vortals Diverse Small Fresh Ball;Investment Account;Oregon;viral infrastructures
10;Checking Account override;Incredible turn-key;Extension Credit Card Account sensor;(521) 494-3824;Customer proactive Manors;Alia59@yahoo.com;monitor generate;Cordoba Oro Hat;Nicaragua morph;orange SQL;Hollow;Gambia Fish matrix
